-- F&B seed: Domino's & Popeyes (idempotent — skips if DOMINOS brand exists).
-- Run: .\scripts\seed-fnb-data.ps1

DO $$
BEGIN
    IF EXISTS (SELECT 1 FROM brands WHERE "Code" = 'DOMINOS') THEN
        RAISE NOTICE 'F&B seed skipped — DOMINOS already exists.';
        RETURN;
    END IF;

    INSERT INTO brands ("Id", "Code", "Name", "Status", "CreatedAt", "UpdatedAt") VALUES
        ('a1000001-0001-4001-8001-000000000001', 'DOMINOS', 'Domino''s Pizza', 1, NOW() AT TIME ZONE 'UTC', NOW() AT TIME ZONE 'UTC'),
        ('a1000002-0002-4002-8002-000000000002', 'POPEYES', 'Popeyes', 1, NOW() AT TIME ZONE 'UTC', NOW() AT TIME ZONE 'UTC');

    INSERT INTO warehouses (
        "Id", "Code", "Name", "Type", "Status", "BrandId", "RegionCode", "FulfillmentPriority",
        "Province", "FullAddress", "CreatedAt", "UpdatedAt"
    ) VALUES
        ('a2000001-0001-4001-8001-000000000001', 'DOMINOS-DC-HCM', 'Domino''s DC HCM', 1, 1,
         'a1000001-0001-4001-8001-000000000001', 'HCM', 1, 'Ho Chi Minh', 'Domino''s DC, Thu Duc', NOW() AT TIME ZONE 'UTC', NOW() AT TIME ZONE 'UTC'),
        ('a2000001-0001-4001-8001-000000000002', 'DOMINOS-ST-Q1', 'Domino''s Store Q1', 2, 1,
         'a1000001-0001-4001-8001-000000000001', 'HCM', 2, 'Ho Chi Minh', 'Domino''s Q1', NOW() AT TIME ZONE 'UTC', NOW() AT TIME ZONE 'UTC'),
        ('a2000002-0002-4002-8002-000000000001', 'POPEYES-DC-HCM', 'Popeyes DC HCM', 1, 1,
         'a1000002-0002-4002-8002-000000000002', 'HCM', 1, 'Ho Chi Minh', 'Popeyes DC', NOW() AT TIME ZONE 'UTC', NOW() AT TIME ZONE 'UTC'),
        ('a2000002-0002-4002-8002-000000000002', 'POPEYES-ST-DD', 'Popeyes Store DBP', 2, 1,
         'a1000002-0002-4002-8002-000000000002', 'HCM', 2, 'Ho Chi Minh', 'Popeyes Dien Bien Phu', NOW() AT TIME ZONE 'UTC', NOW() AT TIME ZONE 'UTC');

    INSERT INTO suppliers ("Id", "Code", "Name", "ContactName", "Phone", "Email", "Address", "Status", "CreatedAt", "UpdatedAt") VALUES
        ('a5000001-0001-4001-8001-000000000001', 'FNBSUP-DOM', 'Domino''s Food Supply VN', 'Nguyen Van A', '0281234567', 'supply@dominos-vn.local', 'HCM', 1, NOW() AT TIME ZONE 'UTC', NOW() AT TIME ZONE 'UTC'),
        ('a5000002-0002-4002-8002-000000000002', 'FNBSUP-POP', 'Popeyes Ingredients VN', 'Tran Thi B', '0287654321', 'supply@popeyes-vn.local', 'HCM', 1, NOW() AT TIME ZONE 'UTC', NOW() AT TIME ZONE 'UTC');

    INSERT INTO transfer_policies ("Id", "SourceBrandId", "DestinationBrandId", "AllowCrossBrand", "IsActive", "Note") VALUES
        ('a9000001-0001-4001-8001-000000000001', 'a1000001-0001-4001-8001-000000000001', 'a1000002-0002-4002-8002-000000000002', TRUE, TRUE, 'F&B cross-brand emergency transfer');

    INSERT INTO products ("Id", "ProductCode", "Name", "Brand", "BrandId", "Category", "Status", "CreatedAt", "UpdatedAt") VALUES
        ('b1000001-0001-4001-8001-000000000001', 'FNB-DOM-CHEESE', 'Mozzarella Cheese Block', 'Domino''s', 'a1000001-0001-4001-8001-000000000001', 'F&B Ingredients', 1, NOW() AT TIME ZONE 'UTC', NOW() AT TIME ZONE 'UTC'),
        ('b1000001-0001-4001-8001-000000000002', 'FNB-DOM-SAUCE', 'Pizza Tomato Sauce', 'Domino''s', 'a1000001-0001-4001-8001-000000000001', 'F&B Ingredients', 1, NOW() AT TIME ZONE 'UTC', NOW() AT TIME ZONE 'UTC'),
        ('b1000001-0001-4001-8001-000000000003', 'FNB-DOM-DOUGH', 'Dough Ball 12 inch', 'Domino''s', 'a1000001-0001-4001-8001-000000000001', 'F&B Ingredients', 1, NOW() AT TIME ZONE 'UTC', NOW() AT TIME ZONE 'UTC'),
        ('b1000002-0002-4002-8002-000000000001', 'FNB-POP-CHICK', 'Spicy Chicken Fillet', 'Popeyes', 'a1000002-0002-4002-8002-000000000002', 'F&B Ingredients', 1, NOW() AT TIME ZONE 'UTC', NOW() AT TIME ZONE 'UTC'),
        ('b1000002-0002-4002-8002-000000000002', 'FNB-POP-BREAD', 'Breading Mix', 'Popeyes', 'a1000002-0002-4002-8002-000000000002', 'F&B Ingredients', 1, NOW() AT TIME ZONE 'UTC', NOW() AT TIME ZONE 'UTC'),
        ('b1000002-0002-4002-8002-000000000003', 'FNB-POP-OIL', 'Fryer Oil', 'Popeyes', 'a1000002-0002-4002-8002-000000000002', 'F&B Ingredients', 1, NOW() AT TIME ZONE 'UTC', NOW() AT TIME ZONE 'UTC');

    INSERT INTO product_variants (
        "Id", "ProductId", "BrandId", "Sku", "Unit", "Status", "CostPrice", "CostSource", "TrackLotExpiry", "CreatedAt", "UpdatedAt"
    ) VALUES
        ('c1000001-0001-4001-8001-000000000001', 'b1000001-0001-4001-8001-000000000001', 'a1000001-0001-4001-8001-000000000001', 'DOM-CHEESE-1KG', 'kg', 1, 180000, 1, TRUE, NOW() AT TIME ZONE 'UTC', NOW() AT TIME ZONE 'UTC'),
        ('c1000001-0001-4001-8001-000000000002', 'b1000001-0001-4001-8001-000000000002', 'a1000001-0001-4001-8001-000000000001', 'DOM-SAUCE-3KG', 'tub', 1, 95000, 1, TRUE, NOW() AT TIME ZONE 'UTC', NOW() AT TIME ZONE 'UTC'),
        ('c1000001-0001-4001-8001-000000000003', 'b1000001-0001-4001-8001-000000000003', 'a1000001-0001-4001-8001-000000000001', 'DOM-DOUGH-12', 'pcs', 1, 8500, 1, TRUE, NOW() AT TIME ZONE 'UTC', NOW() AT TIME ZONE 'UTC'),
        ('c1000002-0002-4002-8002-000000000001', 'b1000002-0002-4002-8002-000000000001', 'a1000002-0002-4002-8002-000000000002', 'POP-CHICK-FIL', 'pcs', 1, 22000, 1, TRUE, NOW() AT TIME ZONE 'UTC', NOW() AT TIME ZONE 'UTC'),
        ('c1000002-0002-4002-8002-000000000002', 'b1000002-0002-4002-8002-000000000002', 'a1000002-0002-4002-8002-000000000002', 'POP-BREAD-5KG', 'bag', 1, 120000, 1, TRUE, NOW() AT TIME ZONE 'UTC', NOW() AT TIME ZONE 'UTC'),
        ('c1000002-0002-4002-8002-000000000003', 'b1000002-0002-4002-8002-000000000003', 'a1000002-0002-4002-8002-000000000002', 'POP-OIL-20L', 'can', 1, 450000, 1, TRUE, NOW() AT TIME ZONE 'UTC', NOW() AT TIME ZONE 'UTC');

    INSERT INTO stock_lots ("Id", "ProductVariantId", "LotCode", "ExpiryDate", "ReceivedAt") VALUES
        ('d1000001-0001-4001-8001-000000000001', 'c1000001-0001-4001-8001-000000000001', 'DOM-CHZ-20260601', (CURRENT_DATE + INTERVAL '5 days'), NOW() AT TIME ZONE 'UTC'),
        ('d1000001-0001-4001-8001-000000000002', 'c1000001-0001-4001-8001-000000000001', 'DOM-CHZ-20260615', (CURRENT_DATE + INTERVAL '25 days'), NOW() AT TIME ZONE 'UTC'),
        ('d1000002-0002-4002-8002-000000000001', 'c1000002-0002-4002-8002-000000000001', 'POP-CHK-20260605', (CURRENT_DATE + INTERVAL '3 days'), NOW() AT TIME ZONE 'UTC');

    INSERT INTO lot_stocks ("Id", "StockLotId", "WarehouseId", "QuantityOnHand", "LastUpdatedAt") VALUES
        ('e1000001-0001-4001-8001-000000000001', 'd1000001-0001-4001-8001-000000000001', 'a2000001-0001-4001-8001-000000000001', 40, NOW() AT TIME ZONE 'UTC'),
        ('e1000001-0001-4001-8001-000000000002', 'd1000001-0001-4001-8001-000000000002', 'a2000001-0001-4001-8001-000000000001', 60, NOW() AT TIME ZONE 'UTC'),
        ('e1000002-0002-4002-8002-000000000001', 'd1000002-0002-4002-8002-000000000001', 'a2000002-0002-4002-8002-000000000001', 120, NOW() AT TIME ZONE 'UTC');

    INSERT INTO current_stocks ("Id", "ProductVariantId", "WarehouseId", "QuantityOnHand", "QuantityReserved", "QuantityAvailable", "LastUpdatedAt") VALUES
        ('f1000001-0001-4001-8001-000000000001', 'c1000001-0001-4001-8001-000000000001', 'a2000001-0001-4001-8001-000000000001', 100, 0, 100, NOW() AT TIME ZONE 'UTC'),
        ('f1000001-0001-4001-8001-000000000002', 'c1000001-0001-4001-8001-000000000002', 'a2000001-0001-4001-8001-000000000002', 30, 0, 30, NOW() AT TIME ZONE 'UTC'),
        ('f1000001-0001-4001-8001-000000000003', 'c1000001-0001-4001-8001-000000000003', 'a2000001-0001-4001-8001-000000000002', 200, 0, 200, NOW() AT TIME ZONE 'UTC'),
        ('f1000002-0002-4002-8002-000000000001', 'c1000002-0002-4002-8002-000000000001', 'a2000002-0002-4002-8002-000000000001', 120, 0, 120, NOW() AT TIME ZONE 'UTC');

    RAISE NOTICE 'F&B seed completed.';
END $$;

SELECT "Code", "Name" FROM brands WHERE "Code" IN ('DOMINOS', 'POPEYES');
